{
  "per_type": {
    "Classes": {
      "precision": 0.11392405063291139,
      "recall": 0.6428571428571429,
      "f1": 0.1935483870967742
    },
    "ObjectProperty": {
      "precision": 0.014705882352941176,
      "recall": 0.09090909090909091,
      "f1": 0.025316455696202528
    },
    "DatatypeProperty": {
      "precision": 0.14285714285714285,
      "recall": 0.14285714285714285,
      "f1": 0.14285714285714285
    },
    "SubClassOf": {
      "precision": 0.0,
      "recall": 0.0,
      "f1": 0.0
    },
    "Domain": {
      "precision": 0.011627906976744186,
      "recall": 0.05555555555555555,
      "f1": 0.019230769230769232
    },
    "Range": {
      "precision": 0.023255813953488372,
      "recall": 0.1111111111111111,
      "f1": 0.038461538461538464
    },
    "EquivalentClasses": {
      "precision": 0.0,
      "recall": 0.0,
      "f1": 0.0
    }
  },
  "macro_f1": 0.05991632762034676,
  "precision": 0.01881720430107527,
  "recall": 0.19718309859154928,
  "f1": 0.03435582822085889
}